{"stats":{"minecraft:custom":{"minecraft:open_barrel":1,"minecraft:time_since_rest":502,"minecraft:crouch_one_cm":5202,"minecraft:leave_game":8,"minecraft:play_time":87234,"minecraft:sprint_one_cm":23716,"minecraft:deaths":1,"minecraft:time_since_death":471,"minecraft:walk_one_cm":23151,"minecraft:sneak_time":9409,"minecraft:total_world_time":94242,"minecraft:fly_one_cm":1520536,"minecraft:jump":495},"minecraft:used":{"minecraft:deepslate_tiles":191,"minecraft:smooth_basalt":67,"minecraft:andesite":19,"minecraft:tuff":4,"minecraft:dirt":1,"minecraft:warped_sign":8,"minecraft:deepslate_bricks":1,"minecraft:polished_andesite":3,"minecraft:armor_stand":2,"minecraft:cobbled_deepslate_wall":1}},"DataVersion":3465}