{"stats":{"minecraft:picked_up":{"minecraft:yellow_shulker_box":1,"minecraft:barrier":4,"minecraft:light_gray_shulker_box":1,"minecraft:purple_shulker_box":1,"minecraft:black_shulker_box":65,"minecraft:cherry_sign":1,"minecraft:dark_oak_sign":1,"minecraft:written_book":1,"minecraft:blue_shulker_box":3,"minecraft:lime_shulker_box":1,"minecraft:orange_shulker_box":1,"minecraft:stone_button":1,"minecraft:cyan_shulker_box":6,"minecraft:shulker_box":1,"minecraft:brown_shulker_box":1,"minecraft:warped_sign":4,"minecraft:white_shulker_box":3},"minecraft:custom":{"minecraft:open_barrel":2982,"minecraft:open_shulker_box":15,"minecraft:leave_game":80,"minecraft:time_since_death":3658785,"minecraft:time_since_rest":3658823,"minecraft:sprint_one_cm":143700,"minecraft:walk_one_cm":497297,"minecraft:drop":4,"minecraft:fly_one_cm":18148906,"minecraft:crouch_one_cm":93165,"minecraft:play_time":3658823,"minecraft:sneak_time":731731,"minecraft:interact_with_lectern":14,"minecraft:jump":2335,"minecraft:walk_on_water_one_cm":2275,"minecraft:total_world_time":4024934},"minecraft:used":{"minecraft:knowledge_book":1,"minecraft:turtle_spawn_egg":1,"minecraft:deepslate_brick_wall":30,"minecraft:trident":1,"minecraft:writable_book":2,"minecraft:lodestone":2,"minecraft:light_gray_stained_glass_pane":1,"minecraft:armor_stand":101,"minecraft:yellow_shulker_box":1,"minecraft:polished_andesite":3,"minecraft:dark_oak_sign":2,"minecraft:oak_sign":4,"minecraft:polished_basalt":31,"minecraft:axolotl_spawn_egg":45,"minecraft:tinted_glass":5,"minecraft:black_shulker_box":1,"minecraft:purple_shulker_box":1,"minecraft:white_shulker_box":3,"minecraft:brown_shulker_box":1,"minecraft:warped_sign":1839,"minecraft:player_head":24,"minecraft:deepslate_bricks":220,"minecraft:smooth_quartz_stairs":4,"minecraft:debug_stick":22,"minecraft:light_gray_shulker_box":1,"minecraft:glow_item_frame":3,"minecraft:dirt":1,"minecraft:birch_sign":1,"minecraft:deepslate_tile_slab":36,"minecraft:shulker_box":43,"minecraft:crossbow":1,"minecraft:ochre_froglight":16,"minecraft:lime_shulker_box":1,"minecraft:lingering_potion":1,"minecraft:tuff":4,"minecraft:cobbled_deepslate_stairs":3,"minecraft:deepslate_brick_stairs":1,"minecraft:milk_bucket":1,"minecraft:deepslate_tiles":285,"minecraft:deepslate_tile_wall":16,"minecraft:piston":1,"minecraft:light":184,"minecraft:cyan_terracotta":10,"minecraft:firework_rocket":53,"minecraft:quartz_pillar":19,"minecraft:cyan_shulker_box":6,"minecraft:command_block":62,"minecraft:barrier":2,"minecraft:orange_shulker_box":1,"minecraft:verdant_froglight":3,"minecraft:stone_button":58,"minecraft:lectern":2,"minecraft:gray_concrete_powder":15,"minecraft:cherry_sign":18,"minecraft:pink_wool":29,"minecraft:barrel":212,"minecraft:stone_bricks":1,"minecraft:smooth_basalt":67,"minecraft:soul_lantern":20,"minecraft:item_frame":15,"minecraft:crimson_sign":3,"minecraft:potion":1,"minecraft:written_book":1,"minecraft:blue_shulker_box":3,"minecraft:lime_stained_glass":151,"minecraft:deepslate_tile_stairs":74,"minecraft:andesite":19,"minecraft:chain":5,"minecraft:glass_pane":1,"minecraft:splash_potion":13,"minecraft:deepslate_emerald_ore":21,"minecraft:gray_stained_glass":35,"minecraft:cobbled_deepslate_wall":1},"minecraft:dropped":{"minecraft:barrier":4,"minecraft:warped_sign":1,"minecraft:cherry_sign":1,"minecraft:black_shulker_box":64}},"DataVersion":3465}