{"stats":{"minecraft:picked_up":{"minecraft:yellow_shulker_box":1,"minecraft:barrier":4,"minecraft:cooked_beef":3,"minecraft:light_gray_shulker_box":1,"minecraft:leather":1,"minecraft:purple_shulker_box":1,"minecraft:blue_orchid":6,"minecraft:wheat_seeds":43,"minecraft:black_shulker_box":65,"minecraft:cherry_sign":1,"minecraft:dark_oak_sign":1,"minecraft:written_book":1,"minecraft:blue_shulker_box":3,"minecraft:lime_shulker_box":1,"minecraft:tipped_arrow":1,"minecraft:orange_shulker_box":1,"minecraft:stone_button":1,"minecraft:cyan_shulker_box":6,"minecraft:shulker_box":1,"minecraft:soul_lantern":1,"minecraft:brown_shulker_box":1,"minecraft:warped_sign":6,"minecraft:white_shulker_box":3},"minecraft:used":{"minecraft:knowledge_book":1,"minecraft:turtle_spawn_egg":1,"minecraft:deepslate_brick_wall":30,"minecraft:short_grass":44,"minecraft:trident":1,"minecraft:netherite_sword":1,"minecraft:writable_book":5,"minecraft:lodestone":2,"minecraft:light_gray_stained_glass_pane":1,"minecraft:armor_stand":103,"minecraft:yellow_shulker_box":1,"minecraft:polished_andesite":27,"minecraft:dark_oak_sign":2,"minecraft:oak_sign":4,"minecraft:polished_basalt":38,"minecraft:axolotl_spawn_egg":45,"minecraft:tinted_glass":5,"minecraft:black_shulker_box":1,"minecraft:purple_shulker_box":1,"minecraft:white_shulker_box":3,"minecraft:brown_shulker_box":1,"minecraft:warped_sign":2049,"minecraft:leather_boots":1,"minecraft:player_head":72,"minecraft:deepslate_bricks":220,"minecraft:smooth_quartz_stairs":4,"minecraft:debug_stick":22,"minecraft:spruce_leaves":5,"minecraft:glow_item_frame":3,"minecraft:light_gray_shulker_box":1,"minecraft:mooshroom_spawn_egg":1,"minecraft:dirt":1,"minecraft:deepslate_tile_slab":42,"minecraft:birch_sign":1,"minecraft:black_banner":2,"minecraft:crossbow":1,"minecraft:shulker_box":43,"minecraft:painting":1,"minecraft:lime_shulker_box":1,"minecraft:ochre_froglight":16,"minecraft:lingering_potion":2,"minecraft:gray_concrete":11,"minecraft:tuff":4,"minecraft:cobbled_deepslate_stairs":3,"minecraft:deepslate_brick_stairs":1,"minecraft:milk_bucket":5,"minecraft:deepslate_tile_wall":16,"minecraft:deepslate_tiles":285,"minecraft:piston":1,"minecraft:light":184,"minecraft:cyan_terracotta":10,"minecraft:firework_rocket":54,"minecraft:bricks":1,"minecraft:warped_trapdoor":5,"minecraft:quartz_pillar":19,"minecraft:cyan_shulker_box":6,"minecraft:command_block":67,"minecraft:grass_block":4,"minecraft:map":2,"minecraft:stone_button":65,"minecraft:verdant_froglight":3,"minecraft:barrier":2,"minecraft:warped_fence":1,"minecraft:orange_shulker_box":1,"minecraft:lectern":2,"minecraft:gray_concrete_powder":15,"minecraft:cherry_sign":18,"minecraft:pink_wool":29,"minecraft:barrel":218,"minecraft:stone_bricks":1,"minecraft:smooth_basalt":67,"minecraft:soul_lantern":29,"minecraft:item_frame":15,"minecraft:crimson_sign":3,"minecraft:potion":6,"minecraft:warped_stairs":24,"minecraft:tall_grass":19,"minecraft:written_book":96,"minecraft:blue_shulker_box":3,"minecraft:lime_stained_glass":155,"minecraft:deepslate_tile_stairs":74,"minecraft:andesite":19,"minecraft:chain":5,"minecraft:glass_pane":1,"minecraft:splash_potion":21,"minecraft:polished_blackstone_stairs":1,"minecraft:deepslate_emerald_ore":21,"minecraft:gray_stained_glass":35,"minecraft:cobbled_deepslate_wall":1},"minecraft:killed":{"minecraft:mooshroom":1},"minecraft:dropped":{"minecraft:barrier":4,"minecraft:warped_sign":1,"minecraft:cherry_sign":1,"minecraft:tipped_arrow":1,"minecraft:black_shulker_box":64,"minecraft:blue_orchid":3},"minecraft:custom":{"minecraft:mob_kills":1,"minecraft:open_barrel":3646,"minecraft:open_shulker_box":15,"minecraft:leave_game":169,"minecraft:time_since_death":7154109,"minecraft:time_since_rest":7154282,"minecraft:sprint_one_cm":199723,"minecraft:walk_one_cm":759288,"minecraft:drop":6,"minecraft:damage_dealt":100,"minecraft:fly_one_cm":23885562,"minecraft:crouch_one_cm":123153,"minecraft:play_time":7154282,"minecraft:sneak_time":816633,"minecraft:interact_with_lectern":14,"minecraft:jump":3445,"minecraft:walk_on_water_one_cm":2275,"minecraft:total_world_time":8309106}},"DataVersion":3700}