{"stats":{"minecraft:dropped":{"minecraft:brown_banner":1,"minecraft:player_head":10,"minecraft:gray_shulker_box":2,"minecraft:cyan_terracotta":1,"minecraft:white_stained_glass_pane":64,"minecraft:red_banner":1,"minecraft:gray_concrete_powder":2,"minecraft:brown_bundle":1},"minecraft:custom":{"minecraft:time_since_rest":415985,"minecraft:walk_one_cm":136767,"minecraft:leave_game":34,"minecraft:damage_dealt":0,"minecraft:play_time":415985,"minecraft:open_shulker_box":3,"minecraft:jump":263,"minecraft:time_since_death":415985,"minecraft:drop":19,"minecraft:open_barrel":210,"minecraft:sprint_one_cm":14987,"minecraft:total_world_time":573834,"minecraft:fly_one_cm":1793588,"minecraft:crouch_one_cm":8067,"minecraft:sneak_time":6919},"minecraft:used":{"minecraft:diamond_block":4,"minecraft:chiseled_tuff_bricks":1,"minecraft:light_gray_concrete_powder":1,"minecraft:milk_bucket":3,"minecraft:polished_basalt":27,"minecraft:cyan_terracotta":1,"minecraft:gray_concrete_powder":14,"minecraft:verdant_froglight":6,"minecraft:poppy":2,"minecraft:warped_sign":62,"minecraft:lime_shulker_box":2,"minecraft:barrel":36,"minecraft:written_book":10,"minecraft:black_stained_glass":10,"minecraft:armor_stand":7},"minecraft:picked_up":{"minecraft:white_stained_glass_pane":64,"minecraft:paper":1,"minecraft:written_book":8}},"DataVersion":4325}