{"stats":{"minecraft:mined":{"minecraft:chest":2,"minecraft:hopper":4},"minecraft:used":{"minecraft:red_shulker_box":12,"minecraft:light_blue_shulker_box":11,"minecraft:gray_shulker_box":2,"minecraft:cyan_shulker_box":4,"minecraft:armor_stand":20,"minecraft:yellow_shulker_box":11,"minecraft:dispenser":1,"minecraft:orange_shulker_box":6,"minecraft:oak_sign":3,"minecraft:axolotl_spawn_egg":3,"minecraft:lectern":3,"minecraft:netherite_hoe":4,"minecraft:chest":48,"minecraft:black_shulker_box":28,"minecraft:purple_shulker_box":2,"minecraft:white_shulker_box":9,"minecraft:brown_shulker_box":2,"minecraft:barrel":4,"minecraft:item_frame":5,"minecraft:light_gray_shulker_box":1,"minecraft:green_shulker_box":2,"minecraft:dirt":1,"minecraft:hopper":14,"minecraft:blue_shulker_box":14,"minecraft:pink_shulker_box":11,"minecraft:shulker_box":10,"minecraft:trapped_chest":1,"minecraft:lime_shulker_box":9,"minecraft:splash_potion":3,"minecraft:magenta_shulker_box":3},"minecraft:killed":{"minecraft:trader_llama":2,"minecraft:pig":1,"minecraft:wandering_trader":1},"minecraft:custom":{"minecraft:time_since_rest":222630,"minecraft:inspect_dropper":1,"minecraft:walk_one_cm":325,"minecraft:mob_kills":4,"minecraft:inspect_hopper":15,"minecraft:damage_dealt":1032,"minecraft:fly_one_cm":338596,"minecraft:open_barrel":10,"minecraft:open_chest":196,"minecraft:open_shulker_box":278,"minecraft:play_time":222630,"minecraft:sneak_time":723,"minecraft:interact_with_lectern":3,"minecraft:jump":292,"minecraft:damage_dealt_resisted":2455043,"minecraft:leave_game":4,"minecraft:time_since_death":222630,"minecraft:total_world_time":239278,"minecraft:inspect_dispenser":4},"minecraft:picked_up":{"minecraft:yellow_shulker_box":1,"minecraft:light_blue_shulker_box":1,"minecraft:shulker_box":2,"minecraft:pink_shulker_box":2,"minecraft:black_shulker_box":2,"minecraft:written_book":2,"minecraft:chest":2,"minecraft:hopper":4}},"DataVersion":2975}