{"stats":{"minecraft:custom":{"minecraft:mob_kills":3,"minecraft:open_barrel":4321,"minecraft:open_shulker_box":27,"minecraft:leave_game":231,"minecraft:time_since_death":8281604,"minecraft:time_since_rest":8281777,"minecraft:sprint_one_cm":287539,"minecraft:walk_one_cm":935195,"minecraft:drop":12,"minecraft:damage_dealt":394,"minecraft:fly_one_cm":26229163,"minecraft:crouch_one_cm":134170,"minecraft:play_time":8281777,"minecraft:sneak_time":919814,"minecraft:interact_with_lectern":26,"minecraft:jump":4238,"minecraft:walk_on_water_one_cm":2275,"minecraft:total_world_time":10680084},"minecraft:dropped":{"minecraft:stone_sword":1,"minecraft:barrier":4,"minecraft:warped_sign":1,"minecraft:oak_sign":4,"minecraft:cherry_sign":1,"minecraft:tipped_arrow":1,"minecraft:black_shulker_box":65,"minecraft:blue_orchid":3},"minecraft:killed":{"minecraft:pig":1,"minecraft:zombie":1,"minecraft:mooshroom":1},"minecraft:used":{"minecraft:cobbled_deepslate_wall":1,"minecraft:knowledge_book":1,"minecraft:deepslate_brick_wall":30,"minecraft:short_grass":44,"minecraft:trident":1,"minecraft:netherite_sword":3,"minecraft:writable_book":10,"minecraft:stone_sword":19,"minecraft:lodestone":2,"minecraft:light_gray_stained_glass_pane":1,"minecraft:armor_stand":103,"minecraft:bundle":2,"minecraft:yellow_shulker_box":2,"minecraft:polished_andesite":98,"minecraft:dark_oak_sign":2,"minecraft:oak_sign":16,"minecraft:polished_basalt":38,"minecraft:axolotl_spawn_egg":45,"minecraft:tinted_glass":5,"minecraft:black_shulker_box":1,"minecraft:purple_shulker_box":1,"minecraft:zombie_spawn_egg":1,"minecraft:white_shulker_box":3,"minecraft:brown_shulker_box":1,"minecraft:warped_sign":2432,"minecraft:leather_boots":1,"minecraft:player_head":73,"minecraft:deepslate_bricks":220,"minecraft:smooth_quartz_stairs":4,"minecraft:debug_stick":22,"minecraft:spruce_leaves":5,"minecraft:glow_item_frame":3,"minecraft:light_gray_shulker_box":1,"minecraft:mooshroom_spawn_egg":1,"minecraft:dirt":3,"minecraft:anvil":1,"minecraft:deepslate_tile_slab":42,"minecraft:birch_sign":1,"minecraft:black_banner":2,"minecraft:crossbow":1,"minecraft:shulker_box":43,"minecraft:painting":1,"minecraft:lime_shulker_box":2,"minecraft:ochre_froglight":16,"minecraft:gray_concrete":104,"minecraft:lingering_potion":2,"minecraft:tuff":4,"minecraft:cobbled_deepslate_stairs":3,"minecraft:deepslate_brick_stairs":1,"minecraft:milk_bucket":5,"minecraft:deepslate_tile_wall":16,"minecraft:deepslate_tiles":285,"minecraft:piston":1,"minecraft:red_shulker_box":1,"minecraft:light":184,"minecraft:cyan_terracotta":16,"minecraft:firework_rocket":57,"minecraft:bricks":1,"minecraft:warped_trapdoor":5,"minecraft:quartz_pillar":19,"minecraft:cyan_shulker_box":7,"minecraft:command_block":69,"minecraft:map":2,"minecraft:stone_button":66,"minecraft:grass_block":5,"minecraft:verdant_froglight":12,"minecraft:barrier":2,"minecraft:warped_fence":1,"minecraft:orange_shulker_box":2,"minecraft:lectern":5,"minecraft:gray_concrete_powder":15,"minecraft:cherry_sign":18,"minecraft:pink_wool":29,"minecraft:barrel":223,"minecraft:stone_bricks":11,"minecraft:smooth_basalt":92,"minecraft:soul_lantern":29,"minecraft:item_frame":15,"minecraft:crimson_sign":3,"minecraft:green_shulker_box":1,"minecraft:potion":6,"minecraft:warped_stairs":24,"minecraft:tall_grass":19,"minecraft:written_book":193,"minecraft:blue_shulker_box":3,"minecraft:lime_stained_glass":155,"minecraft:deepslate_tile_stairs":74,"minecraft:andesite":19,"minecraft:chain":5,"minecraft:glass_pane":1,"minecraft:splash_potion":21,"minecraft:polished_blackstone_stairs":1,"minecraft:magenta_shulker_box":1,"minecraft:deepslate_emerald_ore":21,"minecraft:gray_stained_glass":35,"minecraft:turtle_spawn_egg":1},"minecraft:picked_up":{"minecraft:barrier":4,"minecraft:yellow_shulker_box":2,"minecraft:cooked_beef":3,"minecraft:light_gray_shulker_box":1,"minecraft:leather":1,"minecraft:purple_shulker_box":1,"minecraft:green_shulker_box":1,"minecraft:blue_orchid":6,"minecraft:oak_sign":4,"minecraft:wheat_seeds":43,"minecraft:black_shulker_box":66,"minecraft:cherry_sign":1,"minecraft:dark_oak_sign":1,"minecraft:written_book":2,"minecraft:blue_shulker_box":3,"minecraft:lime_shulker_box":2,"minecraft:tipped_arrow":1,"minecraft:orange_shulker_box":2,"minecraft:porkchop":3,"minecraft:stone_button":1,"minecraft:magenta_shulker_box":2,"minecraft:cyan_shulker_box":7,"minecraft:shulker_box":1,"minecraft:stone_sword":1,"minecraft:red_shulker_box":1,"minecraft:rotten_flesh":2,"minecraft:soul_lantern":1,"minecraft:brown_shulker_box":1,"minecraft:warped_sign":6,"minecraft:saddle":1,"minecraft:white_shulker_box":3}},"DataVersion":3700}